Workbook

Sheet Calculator
A1: INPUTS | B1: Plant-based shift (%) | C1: 54 | D1: 0% shift represents the baseline US diet 50% shift means gravitating 50% diet towards plant-based from the baseline diet 100% shift represents a vegan diet
B2: Number of people | C2: 6094
A4: Food Group | B4: Total GHG Impact (kg CO2e) | C4: Total Water Impact (kl) | D4: Total Land Impact (m2) | E4: Total Eutrophication Impact (g PO4 eq) | F4: Total Acidification Impact (g SO2 eq) | G4: Biodiversity Loss (proxy index) | H4: Animals Slaughtered | J4: Adjusted Consumption (kg/year/person) | K4: Food Group
A5: Red Meat | B5: =J5*'Data Source'!$B2*$C$2 -> 4521065.5 | C5: =J5*'Data Source'!$C2*$C$2 -> 1160406.8 | D5: =J5*'Data Source'!$D2*$C$2 -> 24112349 | E5: =J5*'Data Source'!$E2*$C$2 -> 15070218 | F5: =J5*'Data Source'!$G2*$C$2 -> 2025437.3 | G5: =D5*0.00000015*100 -> 361.68524 | H5: =(J5/'Data Source'!I2) -> 0.0322 | J5: =IF('Data Source'!$J2=0, 'Data Source'!$G2*(1-$C$1/100), 'Data Source'!$G2*(1+($C$1/100)*'Data Source'!$J2)) -> 12.3648 | K5: Red Meat
A6: Pig Meat | B6: =J6*'Data Source'!$B3*$C$2 -> 379110.18 | C6: =J6*'Data Source'!$C3*$C$2 -> 379110.18 | D6: =J6*'Data Source'!$D3*$C$2 -> 2843326.3 | E6: =J6*'Data Source'!$E3*$C$2 -> 3159251.5 | F6: =J6*'Data Source'!$G3*$C$2 -> 1424190.6 | G6: =D6*0.00000015*100 -> 42.649895 | H6: =(J6/'Data Source'!I3) -> 0.1058 | J6: =IF('Data Source'!$J3=0, 'Data Source'!$G3*(1-$C$1/100), 'Data Source'!$G3*(1+($C$1/100)*'Data Source'!$J3)) -> 10.3684 | K6: Pig Meat
A7: Poultry | B7: =J7*'Data Source'!$B4*$C$2 -> 883020.6 | C7: =J7*'Data Source'!$C4*$C$2 -> 542426.94 | D7: =J7*'Data Source'!$D4*$C$2 -> 6307290 | E7: =J7*'Data Source'!$E4*$C$2 -> 8830206 | F7: =J7*'Data Source'!$G4*$C$2 -> 5676561 | G7: =D7*0.00000015*100 -> 94.60935 | H7: =(J7/'Data Source'!I4) -> 8.28 | J7: =IF('Data Source'!$J4=0, 'Data Source'!$G4*(1-$C$1/100), 'Data Source'!$G4*(1+($C$1/100)*'Data Source'!$J4)) -> 20.7 | K7: Poultry
A8: Fish & Seafood | B8: =J8*'Data Source'!$B5*$C$2 -> 56513.318 | C8: =J8*'Data Source'!$C5*$C$2 -> 14128.33 | D8: =J8*'Data Source'!$D5*$C$2 -> 282566.59 | E8: =J8*'Data Source'!$E5*$C$2 -> 470944.32 | F8: =J8*'Data Source'!$G5*$C$2 -> 31647.458 | G8: =D8*0.00000015*100 -> 4.2384989 | H8: =(J8/'Data Source'!I5) -> 0.7728 | J8: =IF('Data Source'!$J5=0, 'Data Source'!$G5*(1-$C$1/100), 'Data Source'!$G5*(1+($C$1/100)*'Data Source'!$J5)) -> 1.5456 | K8: Fish & Seafood
A9: Dairy | B9: =J9*'Data Source'!$B6*$C$2 -> 791186.46 | C9: =J9*'Data Source'!$C6*$C$2 -> 226053.27 | D9: =J9*'Data Source'!$D6*$C$2 -> 11302664 | E9: =J9*'Data Source'!$E6*$C$2 -> 9042130.9 | F9: =J9*'Data Source'!$G6*$C$2 -> 18228936 | G9: =D9*0.00000015*100 -> 169.53996 | H9: =(J9/'Data Source'!I6) -> 0.0966 | J9: =IF('Data Source'!$J6=0, 'Data Source'!$G6*(1-$C$1/100), 'Data Source'!$G6*(1+($C$1/100)*'Data Source'!$J6)) -> 37.0944 | K9: Dairy
A10: Eggs | B10: =J10*'Data Source'!$B7*$C$2 -> 163989.54 | C10: =J10*'Data Source'!$C7*$C$2 -> 120259 | D10: =J10*'Data Source'!$D7*$C$2 -> 1457684.8 | E10: =J10*'Data Source'!$E7*$C$2 -> 1822106 | F10: =J10*'Data Source'!$G7*$C$2 -> 473747.56 | G10: =D10*0.00000015*100 -> 21.865272 | H10: =(J10/'Data Source'!I7) -> 2.392 | J10: =IF('Data Source'!$J7=0, 'Data Source'!$G7*(1-$C$1/100), 'Data Source'!$G7*(1+($C$1/100)*'Data Source'!$J7)) -> 5.98 | K10: Eggs
A11: Legumes & Pulses | B11: =J11*'Data Source'!$B8*$C$2 -> 92872.56 | C11: =J11*'Data Source'!$C8*$C$2 -> 247660.16 | D11: =J11*'Data Source'!$D8*$C$2 -> 185745.12 | E11: =J11*'Data Source'!$E8*$C$2 -> 1238300.8 | F11: =J11*'Data Source'!$G8*$C$2 -> 495320.32 | G11: =D11*0.00000015*100 -> 2.7861768 | H11: ='Data Source'!$H8*$C$2 -> 0 | J11: =IF('Data Source'!$J8=0, 'Data Source'!$G8*(1-$C$1/100), 'Data Source'!$G8*(1+($C$1/100)*'Data Source'!$J8)) -> 10.16 | K11: Legumes & Pulses
A12: Nuts & Seeds | B12: =J12*'Data Source'!$B9*$C$2 -> 62119.798 | C12: =J12*'Data Source'!$C9*$C$2 -> 243077.47 | D12: =J12*'Data Source'!$D9*$C$2 -> 189060.26 | E12: =J12*'Data Source'!$E9*$C$2 -> 810258.24 | F12: =J12*'Data Source'!$G9*$C$2 -> 108034.43 | G12: =D12*0.00000015*100 -> 2.8359038 | H12: ='Data Source'!$H9*$C$2 -> 0 | J12: =IF('Data Source'!$J9=0, 'Data Source'!$G9*(1-$C$1/100), 'Data Source'!$G9*(1+($C$1/100)*'Data Source'!$J9)) -> 4.432 | K12: Nuts & Seeds
A13: Vegetables | B13: =J13*'Data Source'!B10*$C$2 -> 623148.06 | C13: =J13*'Data Source'!$C10*$C$2 -> 233680.52 | D13: =J13*'Data Source'!D10*$C$2 -> 1557870.2 | E13: =J13*'Data Source'!E10*$C$2 -> 7789350.8 | F13: =J13*'Data Source'!F10*$C$2 -> 7789350.8 | G13: =D13*0.00000015*100 -> 23.368052 | H13: ='Data Source'!$H10*$C$2 -> 0 | J13: =IF('Data Source'!$J10=0, 'Data Source'!$G10*(1-$C$1/100), 'Data Source'!$G10*(1+($C$1/100)*'Data Source'!$J10)) -> 127.82 | K13: Vegetables
A14: Fruits | B14: =J14*'Data Source'!B11*$C$2 -> 594189.38 | C14: =J14*'Data Source'!$C11*$C$2 -> 540172.16 | D14: =J14*'Data Source'!D11*$C$2 -> 1080344.3 | E14: =J14*'Data Source'!E11*$C$2 -> 5401721.6 | F14: =J14*'Data Source'!F11*$C$2 -> 5401721.6 | G14: =D14*0.00000015*100 -> 16.205165 | H14: ='Data Source'!$H11*$C$2 -> 0 | J14: =IF('Data Source'!$J11=0, 'Data Source'!$G11*(1-$C$1/100), 'Data Source'!$G11*(1+($C$1/100)*'Data Source'!$J11)) -> 88.64 | K14: Fruits
A15: Grains & Cereals | B15: =J15*'Data Source'!B12*$C$2 -> 706538.36 | C15: =J15*'Data Source'!$C12*$C$2 -> 1059807.5 | D15: =J15*'Data Source'!D12*$C$2 -> 3532691.8 | E15: =J15*'Data Source'!E12*$C$2 -> 14130767 | F15: =J15*'Data Source'!F12*$C$2 -> 14130767 | G15: =D15*0.00000015*100 -> 52.990377 | H15: ='Data Source'!$H12*$C$2 -> 0 | J15: =IF('Data Source'!$J12=0, 'Data Source'!$G12*(1-$C$1/100), 'Data Source'!$G12*(1+($C$1/100)*'Data Source'!$J12)) -> 115.94 | K15: Grains & Cereals
J16: Adjusted Consumption = The amount of each food group consumed in kg per person per year given x (% plant-based shift i.e. the input in C1) and y (the # of people i.e. the input in C2) Calc = Default Consumption (Data Source tab) * C1 * C2 = total kg eaten by food group given those inputs Unit = kg/year/person This "adjusted" number is derived from column G in the Data Source tab, and is used to calculate Total Impact by metric in row 4
A17: Food Group | B17: GHG Saved (kg CO2e) | C17: Water Saved (L) | D17: Land Saved (m2) | E17: Eutrophication Saved (g PO4 eq) | F17: Acidification Saved (g SO2 eq) | G17: Biodiversity Saved (proxy index) | H17: Animals Lives Saved
A18: Red Meat | B18: ='Data Source'!$G2*'Data Source'!$B2*($C$1/100) -> 870.912 | C18: ='Data Source'!G2*'Data Source'!C2*($C$1/100) -> 223.53408 | D18: ='Data Source'!G2*'Data Source'!D2*($C$1/100) -> 4644.864 | E18: ='Data Source'!$G2*'Data Source'!$E2*($C$1/100) -> 2903.04 | F18: ='Data Source'!$I2*'Data Source'!$F2*($C$1/100) -> 62208 | G18: ='Data Source'!K2-Calculator!G5 -> -361.55621 | H18: =(('Data Source'!$G2-$J5)/'Data Source'!$I2) -> 0.0378
A19: Pig Meat | B19: ='Data Source'!$G3*'Data Source'!$B3*($C$1/100) -> 73.0296 | C19: ='Data Source'!G3*'Data Source'!C3*($C$1/100) -> 73.0296 | D19: ='Data Source'!G3*'Data Source'!D3*($C$1/100) -> 547.722 | E19: ='Data Source'!H3*'Data Source'!E3*($C$1/100) -> 6.21 | F19: ='Data Source'!I3*'Data Source'!F3*($C$1/100) -> 3704.4 | G19: ='Data Source'!K3-Calculator!G6 -> -42.63468 | H19: =(('Data Source'!$G3-$J6)/'Data Source'!$I3) -> 0.1242
A20: Poultry | B20: ='Data Source'!$G4*'Data Source'!$B4*($C$1/100) -> 170.1 | C20: ='Data Source'!G4*'Data Source'!C4*($C$1/100) -> 104.49 | D20: ='Data Source'!G4*'Data Source'!D4*($C$1/100) -> 1215 | E20: ='Data Source'!H4*'Data Source'!E4*($C$1/100) -> 680.4 | F20: ='Data Source'!I4*'Data Source'!F4*($C$1/100) -> 108 | G20: ='Data Source'!K4-Calculator!G7 -> -94.5756 | H20: =(('Data Source'!$G4-$J7)/'Data Source'!$I4) -> 9.72
A21: Fish & Seafood | B21: ='Data Source'!$G5*'Data Source'!$B5*($C$1/100) -> 10.8864 | C21: ='Data Source'!G5*'Data Source'!C5*($C$1/100) -> 2.7216 | D21: ='Data Source'!G5*'Data Source'!D5*($C$1/100) -> 54.432 | E21: ='Data Source'!H5*'Data Source'!E5*($C$1/100) -> 0 | F21: ='Data Source'!I5*'Data Source'!F5*($C$1/100) -> 64.8 | G21: ='Data Source'!K5-Calculator!G8 -> -4.2369869 | H21: =(('Data Source'!$G5-$J8)/'Data Source'!$I5) -> 0.9072
A22: Dairy | B22: ='Data Source'!$G6*'Data Source'!$B6*($C$1/100) -> 152.4096 | C22: ='Data Source'!G6*'Data Source'!C6*($C$1/100) -> 43.5456 | D22: ='Data Source'!G6*'Data Source'!D6*($C$1/100) -> 2177.28 | E22: ='Data Source'!H6*'Data Source'!E6*($C$1/100) -> 36.288 | F22: ='Data Source'!I6*'Data Source'!F6*($C$1/100) -> 10368 | G22: ='Data Source'!K6-Calculator!G9 -> -169.47948 | H22: =(('Data Source'!$G6-$J9)/'Data Source'!$I6) -> 0.1134
A23: Eggs | B23: ='Data Source'!$G7*'Data Source'!$B7*($C$1/100) -> 31.59 | C23: ='Data Source'!G7*'Data Source'!C7*($C$1/100) -> 23.166 | D23: ='Data Source'!G7*'Data Source'!D7*($C$1/100) -> 280.8 | E23: ='Data Source'!H7*'Data Source'!E7*($C$1/100) -> 5.67 | F23: ='Data Source'!I7*'Data Source'!F7*($C$1/100) -> 81 | G23: ='Data Source'!K7-Calculator!G10 -> -21.857472 | H23: =(('Data Source'!$G7-$J10)/'Data Source'!$I7) -> 2.808
A24: Legumes & Pulses | B24: ='Data Source'!$G8*'Data Source'!$B8*($C$1/100) -> 6.48 | C24: ='Data Source'!G8*'Data Source'!C8*($C$1/100) -> 17.28 | D24: ='Data Source'!G8*'Data Source'!D8*($C$1/100) -> 12.96 | E24: ='Data Source'!H8*'Data Source'!E8*($C$1/100) -> 0 | F24: ='Data Source'!I8*'Data Source'!F8*($C$1/100) -> 0 | G24: ='Data Source'!K8-Calculator!G11 -> -2.7858168 | H24: ='Data Source'!$H8*$C$2 -> 0
A25: Nuts & Seeds | B25: ='Data Source'!$G9*'Data Source'!$B9*($C$1/100) -> 4.968 | C25: ='Data Source'!G9*'Data Source'!C9*($C$1/100) -> 19.44 | D25: ='Data Source'!G9*'Data Source'!D9*($C$1/100) -> 15.12 | E25: ='Data Source'!H9*'Data Source'!E9*($C$1/100) -> 0 | F25: ='Data Source'!I9*'Data Source'!F9*($C$1/100) -> 0 | G25: ='Data Source'!K9-Calculator!G12 -> -2.8354838 | H25: ='Data Source'!$H9*$C$2 -> 0
A26: Vegetables | B26: ='Data Source'!$G10*'Data Source'!$B10*($C$1/100) -> 47.52 | C26: ='Data Source'!G10*'Data Source'!C10*($C$1/100) -> 17.82 | D26: ='Data Source'!G10*'Data Source'!D10*($C$1/100) -> 118.8 | E26: ='Data Source'!H10*'Data Source'!E10*($C$1/100) -> 0 | F26: ='Data Source'!I10*'Data Source'!F10*($C$1/100) -> 0 | G26: ='Data Source'!K10-Calculator!G13 -> -23.364752 | H26: ='Data Source'!$H10*$C$2 -> 0
A27: Fruits | B27: ='Data Source'!$G11*'Data Source'!$B11*($C$1/100) -> 47.52 | C27: ='Data Source'!G11*'Data Source'!C11*($C$1/100) -> 43.2 | D27: ='Data Source'!G11*'Data Source'!D11*($C$1/100) -> 86.4 | E27: ='Data Source'!H11*'Data Source'!E11*($C$1/100) -> 0 | F27: ='Data Source'!I11*'Data Source'!F11*($C$1/100) -> 0 | G27: ='Data Source'!K11-Calculator!G14 -> -16.202765 | H27: ='Data Source'!$H11*$C$2 -> 0
A28: Grains & Cereals | B28: ='Data Source'!$G12*'Data Source'!$B12*($C$1/100) -> 59.4 | C28: ='Data Source'!G12*'Data Source'!C12*($C$1/100) -> 89.1 | D28: ='Data Source'!G12*'Data Source'!D12*($C$1/100) -> 297 | E28: ='Data Source'!H12*'Data Source'!E12*($C$1/100) -> 0 | F28: ='Data Source'!I12*'Data Source'!F12*($C$1/100) -> 0 | G28: ='Data Source'!K12-Calculator!G15 -> -52.982127 | H28: ='Data Source'!$H12*$C$2 -> 0
G30: Biodiversity "loss multiple" Vs Red Meat
G31: =IF($G$5=0,0,$G$5/G5) -> 1
G32: =IF($G$5=0,0,$G$5/G6) -> 8.4803313
G33: =IF($G$5=0,0,$G$5/G7) -> 3.8229333
G34: =IF($G$5=0,0,$G$5/G8) -> 85.333333
G35: =IF($G$5=0,0,$G$5/G9) -> 2.1333333
G36: =IF($G$5=0,0,$G$5/G10) -> 16.541538
G37: =IF($G$5=0,0,$G$5/G11) -> 129.81417
G38: =IF($G$5=0,0,$G$5/G12) -> 127.53791
G39: =IF($G$5=0,0,$G$5/G13) -> 15.477766
G40: =IF($G$5=0,0,$G$5/G14) -> 22.319134

Sheet Data Source
A1: Food Group | B1: GHG (kg CO2e/kg) | C1: Water Use (kl/kg) | D1: Land Use (m2/kg) | E1: Eutrophication (g PO4 eq/kg) | F1: Acidification (g SO2 eq/kg) | G1: Default Consumption (kg/year) | H1: Animals Killed / Year | I1: Average Dressed Weight (kg) | J1: Compensation Factor | K1: Biodiversity loss at Baseline Diet | L1: Total Land Impact (m2) in a 0% plant based scenario | M1: Compensation Factor Explanation | N1: Reference | O1: Link | P1: Note: Compensation Factor models how consumption of each food group changes with % plant-based input (negative for foods that decrease like meat, positive for foods like legumes that increase to replace animal protein). | Q1: Water Use (L/kg) | R1: Source / Study for Water Use | S1: Reference Link | T1: Water UseExplanation
A2: Red Meat | B2: 60 | C2: 15.4 | D2: 320 | E2: 200 | F2: 300 | G2: =I2*H2 -> 26.88 | H2: 0.07 | I2: 384 | J2: -1 | K2: =L2*0.00000015*100 -> 0.129024 | L2: 8601.6 | M2: Red meat consumption drops to zero at 100% plant-based (no red meat in vegan diet). | N2: PMC8224516 (Plant-based dietary transitions) | O2: https://www.ncbi.nlm.nih.gov/pmc/articles/PMC8224516/ | Q2: 15400 | R2: Mekonnen & Hoekstra (2012), Water Footprint Network | S2: Link | T2: Beef has one of the highest water footprints due to feed crop irrigation, drinking water, and processing.
A3: Pig Meat | B3: 6 | C3: 6 | D3: 45 | E3: 50 | F3: 70 | G3: =I3*H3 -> 22.54 | H3: 0.23 | I3: 98 | J3: -1 | K3: =L3*0.00000015*100 -> 0.0152145 | L3: 1014.3 | M3: Pork consumption drops to zero at 100% plant-based (no pork in vegan diet). | N3: PMC8224516 (Plant-based dietary transitions) | O3: https://www.ncbi.nlm.nih.gov/pmc/articles/PMC8224516/ | Q3: 6000 | R3: Mekonnen & Hoekstra (2012), Water Footprint Network | S3: Link | T3: Pork has a moderate water footprint compared to beef, largely due to less feed conversion loss.
A4: Poultry | B4: 7 | C4: 4.3 | D4: 50 | E4: 70 | F4: 80 | G4: =I4*H4 -> 45 | H4: 18 | I4: 2.5 | J4: -1 | K4: =L4*0.00000015*100 -> 0.03375 | L4: 2250 | M4: Poultry consumption drops to zero at 100% plant-based (no poultry in vegan diet). | N4: PMC8224516 (Plant-based dietary transitions) | O4: https://www.ncbi.nlm.nih.gov/pmc/articles/PMC8224516/ | Q4: 4300 | R4: Mekonnen & Hoekstra (2012), Water Footprint Network | S4: Link | T4: Chicken has a lower water footprint per kg compared to beef and pork.
A5: Fish & Seafood | B5: 6 | C5: 1.5 | D5: 30 | E5: 50 | F5: 60 | G5: =I5*H6 -> 3.36 | I5: 2 | J5: -1 | K5: =L5*0.00000015*100 -> 0.001512 | L5: 100.8 | M5: Fish partially reduced even in pescatarian and plant-forward diets. | N5: PMC8224516 (Plant-based dietary transitions) | O5: https://www.ncbi.nlm.nih.gov/pmc/articles/PMC8224516/ | Q5: 1500 | R5: Various studies (average estimate) | S5: Link | T5: Fish and seafood water use varies, but generally lower than terrestrial meat, reflecting differences in feed and environment.
A6: Dairy | B6: 3.5 | C6: 1 | D6: 50 | E6: 40 | F6: 50 | G6: =I6*H7 -> 80.64 | H6: 1.68 | I6: 384 | J6: -1 | K6: =L6*0.00000015*100 -> 0.06048 | L6: 4032 | M6: Dairy is fully replaced in vegan diet (plant-based milks etc.). | N6: PMC8224516 (Plant-based dietary transitions) | O6: https://www.ncbi.nlm.nih.gov/pmc/articles/PMC8224516/ | Q6: 1000 | R6: Mekonnen & Hoekstra (2012), Water Footprint Network | S6: Link | T6: Dairy water use includes water for feed crops for dairy cows, drinking water, and processing.
A7: Eggs | B7: 4.5 | C7: 3.3 | D7: 40 | E7: 50 | F7: 60 | G7: 13 | H7: 0.21 | I7: 2.5 | J7: -1 | K7: =L7*0.00000015*100 -> 0.0078 | L7: 520 | M7: Eggs fully replaced in vegan diet. | N7: PMC8224516 (Plant-based dietary transitions) | O7: https://www.ncbi.nlm.nih.gov/pmc/articles/PMC8224516/ | Q7: 3300 | R7: Mekonnen & Hoekstra (2012), Water Footprint Network | S7: Link | T7: Egg water use covers water for feed and drinking water for laying hens.
A8: Legumes & Pulses | B8: 1.5 | C8: 4 | D8: 3 | E8: 20 | F8: 20 | G8: 8 | J8: 0.5 | K8: =L8*0.00000015*100 -> 0.00036 | L8: 24 | M8: Legumes & Pulses consumption typically increases by about 50% as plant-based diets rely more on beans and lentils for protein. | N8: PMC8224516 (Plant-based dietary transitions) | O8: https://www.ncbi.nlm.nih.gov/pmc/articles/PMC8224516/ | Q8: 4000 | R8: Poore & Nemecek (2018) – Science | S8: Link | T8: Pulses require significant water, but much less than animal-based protein sources.
A9: Nuts & Seeds | B9: 2.3 | C9: 9 | D9: 7 | E9: 30 | F9: 30 | G9: 4 | J9: 0.2 | K9: =L9*0.00000015*100 -> 0.00042 | L9: 28 | M9: Nuts & Seeds consumption tends to rise modestly (~20%) as they provide healthy fats and plant-based protein sources. | N9: PMC8224516 (Plant-based dietary transitions) | O9: https://www.ncbi.nlm.nih.gov/pmc/articles/PMC8224516/ | Q9: 9000 | R9: Poore & Nemecek (2018) – Science; California data | S9: Link | T9: Nuts, especially almonds, have a high water footprint due to irrigation demands.
A10: Vegetables | B10: 0.8 | C10: 0.3 | D10: 2 | E10: 10 | F10: 10 | G10: 110 | J10: 0.3 | K10: =L10*0.00000015*100 -> 0.0033 | L10: 220 | M10: Vegetable intake increases (~30%) as part of balanced plant-forward diets, reflecting higher fiber and nutrient needs. | N10: PMC8224516 (Plant-based dietary transitions) | O10: https://www.ncbi.nlm.nih.gov/pmc/articles/PMC8224516/ | Q10: 300 | R10: Poore & Nemecek (2018) – Science | S10: Link | T10: Vegetables have a very low water footprint compared to animal-based foods.
A11: Fruits | B11: 1.1 | C11: 1 | D11: 2 | E11: 10 | F11: 10 | G11: 80 | J11: 0.2 | K11: =L11*0.00000015*100 -> 0.0024 | L11: 160 | M11: Fruit consumption typically grows (~20%) to provide more dietary fiber, vitamins, and natural energy sources in plant-based transitions. | N11: PMC8224516 (Plant-based dietary transitions) | O11: https://www.ncbi.nlm.nih.gov/pmc/articles/PMC8224516/ | Q11: 1000 | R11: Poore & Nemecek (2018) – Science | S11: Link | T11: Fruits have a moderate water footprint, depending on climate and irrigation practices.
A12: Grains & Cereals | B12: 1 | C12: 1.5 | D12: 5 | E12: 20 | F12: 20 | G12: 110 | J12: 0.1 | K12: =L12*0.00000015*100 -> 0.00825 | L12: 550 | M12: Grains & Cereals see a slight increase (~10%) as they replace some of the calories lost from reducing animal-based foods. | N12: PMC8224516 (Plant-based dietary transitions) | O12: https://www.ncbi.nlm.nih.gov/pmc/articles/PMC8224516/ | Q12: 1500 | R12: Poore & Nemecek (2018) – Science | S12: Link | T12: Grains require substantial water for irrigation, but still much lower than meat.
G13: U.S. Average Annual Animals Killed per Person (based on USDA/NASS data) | K13: Reference for the PDF Factor
G14: Species | H14: Animals killed/person/year | I14: Source
G15: Beef | H15: ~0.07 cows | I15: USDA ERS, USDA NASS | K15: ReCiPe 2016 Biodiversity Indicators:
G16: Pork | H16: ~0.23 pigs | I16: USDA ERS, USDA NASS
G17: Chicken | H17: ~18 chickens | I17: USDA ERS, USDA NASS
K19: PDF.m².year: ~1.5e-7 PDF/m²/year
G20: 🚀 Proposed “Full Lifecycle” Impact Numbers - suggested by CGPT after detailed promts (see separate notes for exact series of prompts used)
G21: Product | H21: Animals killed/year/person | I21: Notes | K21: Reference: ReCiPe2016 LCIA Methodology
G22: Beef | H22: ~0.07 cows | I22: Direct beef consumption.
G23: Pork | H23: ~0.23 pigs | I23: Direct pork consumption. | K23: For more detailed biodiversity models, check out:
G24: Chicken | H24: ~18 chickens | I24: Direct chicken consumption.
G25: Eggs | H25: ~0.66 hens + 1 male chick | I25: Hens killed every ~1.5 years; male chicks culled at birth.
G26: Dairy | H26: ~0.2 cows + 0.01 calves | I26: Dairy cows killed after ~5 years of milking; calves taken for veal or beef.
K27: GLOBIO3/4: GLOBIO website
G28: 🌍 Global Average Annual Animals Killed per Person (FAO-based) - summary from CGPT shows lower global average Vs the US (which our calculator is based on)
G29: Species | H29: Animals killed/person/year | I29: Source | K29: Chaudhary & Kastner (2016) biodiversity footprint
G30: Beef | H30: ~0.04 cows | I30: FAOSTAT Food Balance Sheets
G31: Pork | H31: ~0.2 pigs | I31: FAOSTAT | P31: 🟢 Revised Average Dressed Weights (by Food Group)
G32: Chicken | H32: ~11-13 chickens | I32: FAOSTAT
P33: Food Group | Q33: Revised Average Dressed Weight (kg) | R33: Reference & Link | S33: Explanation
P34: Red Meat | Q34: ~384 kg | R34: USDA NASS, 2023 (beef cattle average dressed weight ~850 lbs = 385 kg) | S34: Average U.S. beef cow slaughter weight, typical dressed weight from USDA livestock reports.
P35: Pig Meat | Q35: ~98 kg | R35: USDA NASS, 2023 (pigs average ~215 lbs = 98 kg) | S35: Average slaughter weight of pigs in the U.S. for pork production.
P36: Poultry | Q36: ~2.5 kg | R36: USDA NASS, 2023 (broiler chickens average dressed weight ~5.5 lbs = 2.5 kg) | S36: Average dressed weight of U.S. broiler chickens (what’s actually consumed as meat).
P37: Fish & Seafood | Q37: ~1–3 kg (varies widely by species) | R37: FAO FishStat, typical for farmed fish like tilapia/salmon (~2-3 kg) | S37: Highly variable—averages usually 1–3 kg for major fish species farmed/caught for human consumption.
P38: Dairy | Q38: N/A | R38: Not applicable to “dressed weight” as dairy cows are primarily milk producers, but typical cull cow ~385 kg. | S38: Dairy cows are included in red meat at slaughter—dairy impact is usually considered via milk, not dressed meat.
P39: Eggs | Q39: N/A | R39: Not applicable—egg-laying hens have average weight ~2 kg (hens), but eggs themselves are not measured in weight of animals. | S39: Egg-laying hens typically weigh ~2 kg, but “eggs” don’t have dressed weight because they’re not slaughter products.

Sheet Enhancements
A1: Additional Variable Inputs
A3: Good / Better / Best | B3: Region
B4: Intensive nature of Farming Practice
B5: Transportatation
